,0
0,_.n_iranjana_
1,ola_borowiak
2,wlodkowskadaria
3,realsuyeonkim
4,155_s2__
5,_.n_iranjana_
6,_ilariamichettoni_
7,roby_tav4
8,simo_dimuro
9,rs_crazy_man_tn60
10,_aurore.j
11,rs_crazy_man_tn60
12,roby_tav4
13,roby_tav4
14,roby_tav4
15,domenica_scrudato
16,loginova_maria_
17,ekaterina_beietreu
18,theivanna06
19,rs_crazy_man_tn60
20,eri_6694
21,s__ukkk
22,jhb_1119
23,gym_current_07
24,gym_current_07
25,tainarascgoston
26,leozin_escobar_171
27,emanoel_f7
28,gym_current_07
29,abeer.sliti
30,reh20am_uae
31,lyalinaaa
32,laniakeax
33,kkosterevaa
34,d.a.s.h.y.l.i.a_26.09
35,angelka_daderka
36,b_juliab
37,salvocandela_
38,yourpupps
39,i_malyshka_i
40,alona__oficiall
41,avell.store
42,kavi.siththam
43,eri_6694
44,rzaevniid
45,_marlenimuarnyyyy
46,xxu._.h
47,aurelie_s25
